producto_id,codigo,producto,categoria,precio,costo,stock_minimo
ccc1fa5f-09b9-486c-8a74-3dfa0298911a,CEM-001,Cemento gris 42.5 kg,Construcción,245.00,198.00,15
0952bcea-dcc1-484d-b422-b1a41871f4be,CER-001,Candado de bronce 40 mm,Cerrajería,145.00,92.00,5
126b5449-9df4-496e-a1b9-f527a5ea0c0a,CER-023,Candado de bronce 40 mm,Cerrajería,120.00,90.00,5
30cf2d34-7ddc-45a8-9eac-4a9fc4cfa3f5,ELE-001,Cable THHN #12 (rollo 100 m),Eléctrico,1150.00,890.00,4
9acb88c2-673a-4ca9-b665-b129976958bd,HER-001,Martillo de uña 16 oz,Herramientas,185.00,120.00,6
92e71d63-18a8-434d-843c-bf74be57070f,HER-002,Cinta métrica 5 m,Herramientas,78.00,45.00,8
765694c8-9734-462c-a35f-797118e2e09e,PIN-001,Pintura acrílica blanca 1 galón,Pinturas,385.00,280.00,5
e6d66d11-b7e0-4153-81fa-62a11cef4515,PLO-001,"Tubo PVC 1/2"" x 6 m",Plomería,96.00,61.00,12
0b4327ce-a267-40d8-bc6b-74ab7d775d30,TOR-001,"Tornillo para madera 1"" (caja 100 u)",Tornillería,42.00,26.00,10
